,AAPL,AMZN,GOOGL,META,MSFT,NVDA,TSLA
AAPL,1.0,0.53961771435553,0.5618993136213288,0.4677814777957012,0.5840917265981117,0.49767220803715717,0.48023238722821904
AMZN,0.53961771435553,1.0,0.6114791286245601,0.5917190168701529,0.623720270552376,0.5405154453273331,0.43882414519161084
GOOGL,0.5618993136213288,0.6114791286245601,1.0,0.5398035854811746,0.5868553692491777,0.5100082653797012,0.41484576858569316
META,0.4677814777957012,0.5917190168701529,0.5398035854811746,1.0,0.5598438018470393,0.49661450226244575,0.34393470220688477
MSFT,0.5840917265981117,0.623720270552376,0.5868553692491777,0.5598438018470393,1.0,0.6029502845589055,0.4067656692290712
NVDA,0.49767220803715717,0.5405154453273331,0.5100082653797012,0.49661450226244575,0.6029502845589055,1.0,0.463651208461996
TSLA,0.48023238722821904,0.43882414519161084,0.41484576858569316,0.34393470220688477,0.4067656692290712,0.463651208461996,1.0
